{
    "loss": 2.611450433731079,
    "accuracy": 0.517241358757019
}